{
  "project_info": {
    "project_number": "588346584097",
    "project_id": "khangmate-1161e",
    "storage_bucket": "khangmate-1161e.firebasestorage.app"
  },
  "client": [
    {
      "client_info": {
        "mobilesdk_app_id": "1:588346584097:android:59a4ebf86ed514b5244760",
        "android_client_info": {
          "package_name": "com.example.khangmate"
        }
      },
      "oauth_client": [
        {
          "client_id": "588346584097-okibqmjdjbqkgr56miq0p1pif9lp5794.apps.googleusercontent.com",
          "client_type": 3
        }
      ],
      "api_key": [
        {
          "current_key": "AIzaSyBDpz4ji6LPLh8e8YmwJOccjw07SBMM5-k"
        }
      ],
      "services": {
        "appinvite_service": {
          "other_platform_oauth_client": [
            {
              "client_id": "588346584097-okibqmjdjbqkgr56miq0p1pif9lp5794.apps.googleusercontent.com",
              "client_type": 3
            }
          ]
        }
      }
    },
    {
      "client_info": {
        "mobilesdk_app_id": "1:588346584097:android:60aef865b5f3986b244760",
        "android_client_info": {
          "package_name": "com.example.khangmate2"
        }
      },
      "oauth_client": [
        {
          "client_id": "588346584097-cci7t6jdm7s2rph9uhp6uof7tq9n07t8.apps.googleusercontent.com",
          "client_type": 1,
          "android_info": {
            "package_name": "com.example.khangmate2",
            "certificate_hash": "81040fab3355e0e91f1f5987a15a509b47d91e7e"
          }
        },
        {
          "client_id": "588346584097-okibqmjdjbqkgr56miq0p1pif9lp5794.apps.googleusercontent.com",
          "client_type": 3
        }
      ],
      "api_key": [
        {
          "current_key": "AIzaSyBDpz4ji6LPLh8e8YmwJOccjw07SBMM5-k"
        }
      ],
      "services": {
        "appinvite_service": {
          "other_platform_oauth_client": [
            {
              "client_id": "588346584097-okibqmjdjbqkgr56miq0p1pif9lp5794.apps.googleusercontent.com",
              "client_type": 3
            }
          ]
        }
      }
    }
  ],
  "configuration_version": "1"
}